model_a,model_b,metric,hybrid_value,m5_style_value,diff_a_minus_b,ci_95_low,ci_95_high,conclusion,boosting_value
hybrid,m5_style,RMSE,0.022546997540290867,0.022936626684940783,-0.00039082148800331285,-0.0011692370573443526,0.00032117455929806926,difference is not statistically significant,
hybrid,m5_style,MAE,0.003737972735543941,0.0037349828634031705,3.584382377500391e-06,-2.796375694415072e-05,3.542563447110773e-05,difference is not statistically significant,
hybrid,m5_style,WAPE,0.0008774785404212391,0.0008767766763821619,8.419591609482058e-07,-6.579245742861439e-06,8.287166575526192e-06,difference is not statistically significant,
boosting,m5_style,RMSE,,0.022936626684940783,0.030235324338827602,0.022865624093235205,0.03773277033528798,m5_style statistically better,0.05301684995415313
boosting,m5_style,MAE,,0.0037349828634031705,0.009370075564633084,0.009051775098722098,0.009702687759230322,m5_style statistically better,0.01310657736289233
boosting,m5_style,WAPE,,0.0008767766763821619,0.002199639865306783,0.0021271055071693185,0.0022779645428416375,m5_style statistically better,0.00307673201169972
boosting,hybrid,RMSE,0.022546997540290867,,0.030626145826830917,0.023227570198438036,0.03823749748688526,hybrid statistically better,0.05301684995415313
boosting,hybrid,MAE,0.003737972735543941,,0.009366491182255585,0.009059488823524012,0.009699882516815268,hybrid statistically better,0.01310657736289233
boosting,hybrid,WAPE,0.0008774785404212391,,0.002198797906145835,0.002129455979705994,0.0022773889970778226,hybrid statistically better,0.00307673201169972
