{
    "MAE": 1.2603165687809388,
    "RMSE": 1.4569918012637775,
    "WAPE": 0.29585575494915134
}