{
    "MAE": 0.0037349828634031753,
    "RMSE": 0.022936626684940783,
    "WAPE": 0.0008767766763821631
}