{
    "MAE": 0.015371336083477053,
    "RMSE": 0.058251578198142764,
    "MAPE": 0.7118943729109319
}