{
    "MAE": 0.013285205769539551,
    "RMSE": 0.05175326467548314,
    "MAPE": 0.7397479450952571
}