{
    "MAE": 0.018295798644694456,
    "RMSE": 0.15837650264720834,
    "MAPE": 0.6168770803552269
}