{
    "MAE": 0.013510001372402268,
    "RMSE": 0.05292499849347346,
    "MAPE": 0.7938772811892361
}