{
    "MAE": 0.013106577362892332,
    "RMSE": 0.053016849954153136,
    "WAPE": 0.0030767320116997206
}