sample,series_count,MAE,RMSE,WAPE,MAE_ci_lower,MAE_ci_upper,RMSE_ci_lower,RMSE_ci_upper,WAPE_ci_lower,WAPE_ci_upper
Основная тестовая выборка top-5000,5000,0.0037349828634031753,0.022936626684940783,0.0008767766763821631,0.003570013704192117,0.003933587943316395,0.01582874628149525,0.029664755716524764,0.0008398250241615914,0.0009240467978756741
Независимая подвыборка,1000,0.005058694026256241,0.02939262105600544,0.0012009002017264604,0.004596611204651402,0.0056580226867515475,0.017593802206814852,0.042545894173577965,0.001092636657000595,0.0013420333584364058
