{
    "MAE": 0.003737972735543936,
    "RMSE": 0.02254699754029087,
    "WAPE": 0.000877478540421238
}